outgoing,outgoing_slot,position,outgoing_md1_points,outgoing_md2_price_m,cash_before_m,max_replacement_price_m,candidate,candidate_md1_points,candidate_md1_price_m,candidate_md2_price_m,candidate_movement_m,candidate_points_per_md2_m,cash_after_m,points_gain_vs_outgoing
Adil Aouchiche,starter,MID,98,6.48,3.82,10.30,Lukas Petkov,316,6.27,7.01,+0.74,45.08,3.29,218
Adil Aouchiche,starter,MID,98,6.48,3.82,10.30,Bambasé Conté,230,5.50,5.95,+0.45,38.66,4.35,132
Adil Aouchiche,starter,MID,98,6.48,3.82,10.30,Jobe Bellingham,194,7.47,7.60,+0.13,25.53,2.70,96
Adil Aouchiche,starter,MID,98,6.48,3.82,10.30,Ísak Jóhannesson,171,4.52,4.65,+0.13,36.77,5.65,73
Adil Aouchiche,starter,MID,98,6.48,3.82,10.30,Tim Skarke,169,3.51,3.60,+0.09,46.94,6.70,71
Adil Aouchiche,starter,MID,98,6.48,3.82,10.30,Dariusz Stalmach,166,2.67,2.88,+0.21,57.64,7.42,68
Adil Aouchiche,starter,MID,98,6.48,3.82,10.30,Nicolas Capaldo,156,9.01,9.08,+0.07,17.18,1.22,58
Adil Aouchiche,starter,MID,98,6.48,3.82,10.30,Raphael Obermair,136,5.59,5.74,+0.15,23.69,4.56,38
Adil Aouchiche,starter,MID,98,6.48,3.82,10.30,Hugo Bolin,134,7.16,7.26,+0.10,18.46,3.04,36
Adil Aouchiche,starter,MID,98,6.48,3.82,10.30,Nicolas Seiwald,134,10.20,10.22,+0.02,13.11,0.08,36
Adil Aouchiche,starter,MID,98,6.48,3.82,10.30,Ezequiel Fernández,116,9.55,9.55,+0.00,12.15,0.75,18
Adil Aouchiche,starter,MID,98,6.48,3.82,10.30,Yannick Engelhardt,106,9.97,9.95,-0.02,10.65,0.35,8
Adil Aouchiche,starter,MID,98,6.48,3.82,10.30,Woo-yeong Jeong,103,5.32,5.33,+0.01,19.32,4.97,5
Adil Aouchiche,starter,MID,98,6.48,3.82,10.30,Ludovit Reis,102,8.10,8.10,+0.00,12.59,2.20,4
Adil Aouchiche,starter,MID,98,6.48,3.82,10.30,Wael Mohya,96,7.68,7.67,-0.01,12.52,2.63,-2
Adil Aouchiche,starter,MID,98,6.48,3.82,10.30,Jae-sung Lee,96,9.50,9.48,-0.02,10.13,0.82,-2
Adil Aouchiche,starter,MID,98,6.48,3.82,10.30,Laurin Ulrich,95,3.88,3.95,+0.07,24.05,6.35,-3
Adil Aouchiche,starter,MID,98,6.48,3.82,10.30,Łukasz Poręba,92,2.71,2.81,+0.10,32.74,7.49,-6
Adil Aouchiche,starter,MID,98,6.48,3.82,10.30,Mattes Hansen,92,2.78,2.87,+0.09,32.06,7.43,-6
Adil Aouchiche,starter,MID,98,6.48,3.82,10.30,Linton Maina,91,5.72,5.72,+0.00,15.91,4.58,-7
Adil Aouchiche,starter,MID,98,6.48,3.82,10.30,Albert Sambi Lokonga,90,8.51,8.49,-0.02,10.60,1.81,-8
Adil Aouchiche,starter,MID,98,6.48,3.82,10.30,Albert Grønbæk,88,6.61,6.61,+0.00,13.31,3.69,-10
Adil Aouchiche,starter,MID,98,6.48,3.82,10.30,Robin Fellhauer,83,8.55,8.52,-0.03,9.74,1.78,-15
Adil Aouchiche,starter,MID,98,6.48,3.82,10.30,Janik Haberer,73,3.40,3.40,+0.00,21.47,6.90,-25
Adil Aouchiche,starter,MID,98,6.48,3.82,10.30,Chuki,66,6.44,6.37,-0.07,10.36,3.93,-32
Adil Aouchiche,starter,MID,98,6.48,3.82,10.30,András Schäfer,62,7.15,7.12,-0.03,8.71,3.18,-36
Adil Aouchiche,starter,MID,98,6.48,3.82,10.30,Jonas Hofmann,62,8.09,8.07,-0.02,7.68,2.23,-36
Adil Aouchiche,starter,MID,98,6.48,3.82,10.30,Mathieu Nguefack,57,3.68,3.67,-0.01,15.53,6.63,-41
Adil Aouchiche,starter,MID,98,6.48,3.82,10.30,Aljoscha Kemlein,54,5.71,5.68,-0.03,9.51,4.62,-44
Adil Aouchiche,starter,MID,98,6.48,3.82,10.30,Robin Hack,49,7.69,7.62,-0.07,6.43,2.68,-49
Adil Aouchiche,starter,MID,98,6.48,3.82,10.30,Marcel Sabitzer,49,7.88,7.85,-0.03,6.24,2.45,-49
Adil Aouchiche,starter,MID,98,6.48,3.82,10.30,Michel Aebischer,46,7.82,7.76,-0.06,5.93,2.54,-52
Adil Aouchiche,starter,MID,98,6.48,3.82,10.30,Kevin Stöger,44,7.20,7.15,-0.05,6.15,3.15,-54
Adil Aouchiche,starter,MID,98,6.48,3.82,10.30,Mert Kömür,35,7.75,7.73,-0.02,4.53,2.57,-63
Adil Aouchiche,starter,MID,98,6.48,3.82,10.30,Yannik Keitel,21,3.79,3.78,-0.01,5.56,6.52,-77
Adil Aouchiche,starter,MID,98,6.48,3.82,10.30,Tom Baack,19,3.02,3.01,-0.01,6.31,7.29,-79
Adil Aouchiche,starter,MID,98,6.48,3.82,10.30,Bilal Nadir,17,5.47,5.45,-0.02,3.12,4.85,-81
Adil Aouchiche,starter,MID,98,6.48,3.82,10.30,Noah Darvich,11,4.43,4.39,-0.04,2.51,5.91,-87
Adil Aouchiche,starter,MID,98,6.48,3.82,10.30,Patrice Čović,10,3.33,3.32,-0.01,3.01,6.98,-88
Adil Aouchiche,starter,MID,98,6.48,3.82,10.30,Oscar Højlund,6,5.16,5.14,-0.02,1.17,5.16,-92
Adil Aouchiche,starter,MID,98,6.48,3.82,10.30,Faik Sakar,0,,3.42,,0.00,6.88,-98
Adil Aouchiche,starter,MID,98,6.48,3.82,10.30,Marco Richter,0,,2.35,,0.00,7.95,-98
Adil Aouchiche,starter,MID,98,6.48,3.82,10.30,Robert Skov,0,,4.45,,0.00,5.85,-98
Adil Aouchiche,starter,MID,98,6.48,3.82,10.30,Alexander Prass,0,,7.19,,0.00,3.11,-98
Adil Aouchiche,starter,MID,98,6.48,3.82,10.30,Timur Gayret,0,,2.67,,0.00,7.63,-98
Adil Aouchiche,starter,MID,98,6.48,3.82,10.30,Mussa Kaba,0,,3.30,,0.00,7.00,-98
Dejan Ljubičić,bench,MID,86,2.71,3.82,6.53,Bambasé Conté,230,5.50,5.95,+0.45,38.66,0.58,144
Dejan Ljubičić,bench,MID,86,2.71,3.82,6.53,Ísak Jóhannesson,171,4.52,4.65,+0.13,36.77,1.88,85
Dejan Ljubičić,bench,MID,86,2.71,3.82,6.53,Tim Skarke,169,3.51,3.60,+0.09,46.94,2.93,83
Dejan Ljubičić,bench,MID,86,2.71,3.82,6.53,Dariusz Stalmach,166,2.67,2.88,+0.21,57.64,3.65,80
Dejan Ljubičić,bench,MID,86,2.71,3.82,6.53,Raphael Obermair,136,5.59,5.74,+0.15,23.69,0.79,50
Dejan Ljubičić,bench,MID,86,2.71,3.82,6.53,Woo-yeong Jeong,103,5.32,5.33,+0.01,19.32,1.20,17
Dejan Ljubičić,bench,MID,86,2.71,3.82,6.53,Laurin Ulrich,95,3.88,3.95,+0.07,24.05,2.58,9
Dejan Ljubičić,bench,MID,86,2.71,3.82,6.53,Łukasz Poręba,92,2.71,2.81,+0.10,32.74,3.72,6
Dejan Ljubičić,bench,MID,86,2.71,3.82,6.53,Mattes Hansen,92,2.78,2.87,+0.09,32.06,3.66,6
Dejan Ljubičić,bench,MID,86,2.71,3.82,6.53,Linton Maina,91,5.72,5.72,+0.00,15.91,0.81,5
Dejan Ljubičić,bench,MID,86,2.71,3.82,6.53,Janik Haberer,73,3.40,3.40,+0.00,21.47,3.13,-13
Dejan Ljubičić,bench,MID,86,2.71,3.82,6.53,Chuki,66,6.44,6.37,-0.07,10.36,0.16,-20
Dejan Ljubičić,bench,MID,86,2.71,3.82,6.53,Mathieu Nguefack,57,3.68,3.67,-0.01,15.53,2.86,-29
Dejan Ljubičić,bench,MID,86,2.71,3.82,6.53,Aljoscha Kemlein,54,5.71,5.68,-0.03,9.51,0.85,-32
Dejan Ljubičić,bench,MID,86,2.71,3.82,6.53,Yannik Keitel,21,3.79,3.78,-0.01,5.56,2.75,-65
Dejan Ljubičić,bench,MID,86,2.71,3.82,6.53,Tom Baack,19,3.02,3.01,-0.01,6.31,3.52,-67
Dejan Ljubičić,bench,MID,86,2.71,3.82,6.53,Bilal Nadir,17,5.47,5.45,-0.02,3.12,1.08,-69
Dejan Ljubičić,bench,MID,86,2.71,3.82,6.53,Noah Darvich,11,4.43,4.39,-0.04,2.51,2.14,-75
Dejan Ljubičić,bench,MID,86,2.71,3.82,6.53,Patrice Čović,10,3.33,3.32,-0.01,3.01,3.21,-76
Dejan Ljubičić,bench,MID,86,2.71,3.82,6.53,Oscar Højlund,6,5.16,5.14,-0.02,1.17,1.39,-80
Dejan Ljubičić,bench,MID,86,2.71,3.82,6.53,Faik Sakar,0,,3.42,,0.00,3.11,-86
Dejan Ljubičić,bench,MID,86,2.71,3.82,6.53,Marco Richter,0,,2.35,,0.00,4.18,-86
Dejan Ljubičić,bench,MID,86,2.71,3.82,6.53,Robert Skov,0,,4.45,,0.00,2.08,-86
Dejan Ljubičić,bench,MID,86,2.71,3.82,6.53,Timur Gayret,0,,2.67,,0.00,3.86,-86
Dejan Ljubičić,bench,MID,86,2.71,3.82,6.53,Mussa Kaba,0,,3.30,,0.00,3.23,-86
Elias Baum,starter,DEF,121,5.00,3.82,8.82,Marius Wolf,262,5.18,5.45,+0.27,48.07,3.37,141
Elias Baum,starter,DEF,121,5.00,3.82,8.82,Laurin Curda,233,5.84,6.23,+0.39,37.40,2.59,112
Elias Baum,starter,DEF,121,5.00,3.82,8.82,Josip Juranović,202,6.00,6.37,+0.37,31.71,2.45,81
Elias Baum,starter,DEF,121,5.00,3.82,8.82,Noahkai Banks,175,8.54,8.66,+0.12,20.21,0.16,54
Elias Baum,starter,DEF,121,5.00,3.82,8.82,Jano ter Horst,174,4.64,4.92,+0.28,35.37,3.90,53
Elias Baum,starter,DEF,121,5.00,3.82,8.82,Gideon Mensah,132,6.14,6.26,+0.12,21.09,2.56,11
Elias Baum,starter,DEF,121,5.00,3.82,8.82,Amos Pieper,122,8.59,8.62,+0.03,14.15,0.20,1
Elias Baum,starter,DEF,121,5.00,3.82,8.82,Lukas Kübler,105,8.31,8.31,+0.00,12.64,0.51,-16
Elias Baum,starter,DEF,121,5.00,3.82,8.82,Zeno van den Bosch,101,8.72,8.71,-0.01,11.60,0.11,-20
Elias Baum,starter,DEF,121,5.00,3.82,8.82,Josha Vagnoman,97,6.11,6.12,+0.01,15.85,2.70,-24
Elias Baum,starter,DEF,121,5.00,3.82,8.82,Felix Keidel,81,4.09,4.12,+0.03,19.66,4.70,-40
Elias Baum,starter,DEF,121,5.00,3.82,8.82,Tom Rothe,80,5.73,5.72,-0.01,13.99,3.10,-41
Elias Baum,starter,DEF,121,5.00,3.82,8.82,Bernardo,70,8.05,8.02,-0.03,8.73,0.80,-51
Elias Baum,starter,DEF,121,5.00,3.82,8.82,Ko Itakura,70,8.82,8.77,-0.05,7.98,0.05,-51
Elias Baum,starter,DEF,121,5.00,3.82,8.82,Mick Schmetgens,66,2.35,2.38,+0.03,27.73,6.44,-55
Elias Baum,starter,DEF,121,5.00,3.82,8.82,Youngwoo Seol,64,5.26,5.26,+0.00,12.17,3.56,-57
Elias Baum,starter,DEF,121,5.00,3.82,8.82,Lukas Ullrich,62,3.92,3.92,+0.00,15.82,4.90,-59
Elias Baum,starter,DEF,121,5.00,3.82,8.82,Robin Hranáč,59,6.82,6.80,-0.02,8.68,2.02,-62
Elias Baum,starter,DEF,121,5.00,3.82,8.82,Maximilian Rohr,58,5.61,5.56,-0.05,10.43,3.26,-63
Elias Baum,starter,DEF,121,5.00,3.82,8.82,Louis Lemke,57,2.50,2.51,+0.01,22.71,6.31,-64
Elias Baum,starter,DEF,121,5.00,3.82,8.82,Vitalie Becker,55,3.57,3.56,-0.01,15.45,5.26,-66
Elias Baum,starter,DEF,121,5.00,3.82,8.82,Jonah Sticker,39,3.92,3.91,-0.01,9.97,4.91,-82
Elias Baum,starter,DEF,121,5.00,3.82,8.82,Benjamin Henrichs,25,4.27,4.25,-0.02,5.88,4.57,-96
Elias Baum,starter,DEF,121,5.00,3.82,8.82,Max Rosenfelder,22,3.04,3.02,-0.02,7.28,5.80,-99
Elias Baum,starter,DEF,121,5.00,3.82,8.82,Joël Schmied,7,3.95,3.95,+0.00,1.77,4.87,-114
Elias Baum,starter,DEF,121,5.00,3.82,8.82,Jordan Torunarigha,7,6.88,6.78,-0.10,1.03,2.04,-114
Elias Baum,starter,DEF,121,5.00,3.82,8.82,Timo Hübers,0,,5.28,,0.00,3.54,-121
Elias Baum,starter,DEF,121,5.00,3.82,8.82,Abdoul Koné,0,,8.49,,0.00,0.33,-121
Elias Baum,starter,DEF,121,5.00,3.82,8.82,Koki Machida,0,,3.49,,0.00,5.33,-121
Elias Baum,starter,DEF,121,5.00,3.82,8.82,Arthur Chaves,0,,7.64,,0.00,1.18,-121
Elias Baum,starter,DEF,121,5.00,3.82,8.82,Niels Nkounkou,0,,8.32,,0.00,0.50,-121
Elias Baum,starter,DEF,121,5.00,3.82,8.82,Nicholas Mickelson,,,2.89,,,5.93,
Elias Baum,starter,DEF,121,5.00,3.82,8.82,Robin Gosens,,,7.93,,,0.89,
Elias Baum,starter,DEF,121,5.00,3.82,8.82,Jeffrey Gouweleeuw,,,6.02,,,2.80,
Elias Baum,starter,DEF,121,5.00,3.82,8.82,Leonidas Stergiou,,,3.01,,,5.81,
Ezechiel Banzuzi,starter,MID,128,4.23,3.82,8.05,Lukas Petkov,316,6.27,7.01,+0.74,45.08,1.04,188
Ezechiel Banzuzi,starter,MID,128,4.23,3.82,8.05,Bambasé Conté,230,5.50,5.95,+0.45,38.66,2.10,102
Ezechiel Banzuzi,starter,MID,128,4.23,3.82,8.05,Jobe Bellingham,194,7.47,7.60,+0.13,25.53,0.45,66
Ezechiel Banzuzi,starter,MID,128,4.23,3.82,8.05,Ísak Jóhannesson,171,4.52,4.65,+0.13,36.77,3.40,43
Ezechiel Banzuzi,starter,MID,128,4.23,3.82,8.05,Tim Skarke,169,3.51,3.60,+0.09,46.94,4.45,41
Ezechiel Banzuzi,starter,MID,128,4.23,3.82,8.05,Dariusz Stalmach,166,2.67,2.88,+0.21,57.64,5.17,38
Ezechiel Banzuzi,starter,MID,128,4.23,3.82,8.05,Raphael Obermair,136,5.59,5.74,+0.15,23.69,2.31,8
Ezechiel Banzuzi,starter,MID,128,4.23,3.82,8.05,Hugo Bolin,134,7.16,7.26,+0.10,18.46,0.79,6
Ezechiel Banzuzi,starter,MID,128,4.23,3.82,8.05,Woo-yeong Jeong,103,5.32,5.33,+0.01,19.32,2.72,-25
Ezechiel Banzuzi,starter,MID,128,4.23,3.82,8.05,Wael Mohya,96,7.68,7.67,-0.01,12.52,0.38,-32
Ezechiel Banzuzi,starter,MID,128,4.23,3.82,8.05,Laurin Ulrich,95,3.88,3.95,+0.07,24.05,4.10,-33
Ezechiel Banzuzi,starter,MID,128,4.23,3.82,8.05,Łukasz Poręba,92,2.71,2.81,+0.10,32.74,5.24,-36
Ezechiel Banzuzi,starter,MID,128,4.23,3.82,8.05,Mattes Hansen,92,2.78,2.87,+0.09,32.06,5.18,-36
Ezechiel Banzuzi,starter,MID,128,4.23,3.82,8.05,Linton Maina,91,5.72,5.72,+0.00,15.91,2.33,-37
Ezechiel Banzuzi,starter,MID,128,4.23,3.82,8.05,Albert Grønbæk,88,6.61,6.61,+0.00,13.31,1.44,-40
Ezechiel Banzuzi,starter,MID,128,4.23,3.82,8.05,Janik Haberer,73,3.40,3.40,+0.00,21.47,4.65,-55
Ezechiel Banzuzi,starter,MID,128,4.23,3.82,8.05,Chuki,66,6.44,6.37,-0.07,10.36,1.68,-62
Ezechiel Banzuzi,starter,MID,128,4.23,3.82,8.05,András Schäfer,62,7.15,7.12,-0.03,8.71,0.93,-66
Ezechiel Banzuzi,starter,MID,128,4.23,3.82,8.05,Mathieu Nguefack,57,3.68,3.67,-0.01,15.53,4.38,-71
Ezechiel Banzuzi,starter,MID,128,4.23,3.82,8.05,Aljoscha Kemlein,54,5.71,5.68,-0.03,9.51,2.37,-74
Ezechiel Banzuzi,starter,MID,128,4.23,3.82,8.05,Robin Hack,49,7.69,7.62,-0.07,6.43,0.43,-79
Ezechiel Banzuzi,starter,MID,128,4.23,3.82,8.05,Marcel Sabitzer,49,7.88,7.85,-0.03,6.24,0.20,-79
Ezechiel Banzuzi,starter,MID,128,4.23,3.82,8.05,Michel Aebischer,46,7.82,7.76,-0.06,5.93,0.29,-82
Ezechiel Banzuzi,starter,MID,128,4.23,3.82,8.05,Kevin Stöger,44,7.20,7.15,-0.05,6.15,0.90,-84
Ezechiel Banzuzi,starter,MID,128,4.23,3.82,8.05,Mert Kömür,35,7.75,7.73,-0.02,4.53,0.32,-93
Ezechiel Banzuzi,starter,MID,128,4.23,3.82,8.05,Yannik Keitel,21,3.79,3.78,-0.01,5.56,4.27,-107
Ezechiel Banzuzi,starter,MID,128,4.23,3.82,8.05,Tom Baack,19,3.02,3.01,-0.01,6.31,5.04,-109
Ezechiel Banzuzi,starter,MID,128,4.23,3.82,8.05,Bilal Nadir,17,5.47,5.45,-0.02,3.12,2.60,-111
Ezechiel Banzuzi,starter,MID,128,4.23,3.82,8.05,Noah Darvich,11,4.43,4.39,-0.04,2.51,3.66,-117
Ezechiel Banzuzi,starter,MID,128,4.23,3.82,8.05,Patrice Čović,10,3.33,3.32,-0.01,3.01,4.73,-118
Ezechiel Banzuzi,starter,MID,128,4.23,3.82,8.05,Oscar Højlund,6,5.16,5.14,-0.02,1.17,2.91,-122
Ezechiel Banzuzi,starter,MID,128,4.23,3.82,8.05,Faik Sakar,0,,3.42,,0.00,4.63,-128
Ezechiel Banzuzi,starter,MID,128,4.23,3.82,8.05,Marco Richter,0,,2.35,,0.00,5.70,-128
Ezechiel Banzuzi,starter,MID,128,4.23,3.82,8.05,Robert Skov,0,,4.45,,0.00,3.60,-128
Ezechiel Banzuzi,starter,MID,128,4.23,3.82,8.05,Alexander Prass,0,,7.19,,0.00,0.86,-128
Ezechiel Banzuzi,starter,MID,128,4.23,3.82,8.05,Timur Gayret,0,,2.67,,0.00,5.38,-128
Ezechiel Banzuzi,starter,MID,128,4.23,3.82,8.05,Mussa Kaba,0,,3.30,,0.00,4.75,-128
Fabian Bredlow,starter,GK,94,4.81,3.82,8.63,Stefan Smarkalev,0,,5.36,,0.00,3.27,-94
Fabian Bredlow,starter,GK,94,4.81,3.82,8.63,Elias Etringer,0,,5.49,,0.00,3.14,-94
Fabian Bredlow,starter,GK,94,4.81,3.82,8.63,Sven Ulreich,0,,7.11,,0.00,1.52,-94
Fabian Bredlow,starter,GK,94,4.81,3.82,8.63,Fernando Dickes,0,,5.17,,0.00,3.46,-94
Fabian Bredlow,starter,GK,94,4.81,3.82,8.63,Frank Lehmann,0,,5.33,,0.00,3.30,-94
Fabian Bredlow,starter,GK,94,4.81,3.82,8.63,Ørjan Nyland,0,,5.07,,0.00,3.56,-94
Fabian Bredlow,starter,GK,94,4.81,3.82,8.63,Markus Kolke,0,,5.36,,0.00,3.27,-94
Fabian Bredlow,starter,GK,94,4.81,3.82,8.63,Stefan Drljača,0,,3.94,,0.00,4.69,-94
Fabian Bredlow,starter,GK,94,4.81,3.82,8.63,Matthias Köbbing,0,,5.25,,0.00,3.38,-94
Fabian Bredlow,starter,GK,94,4.81,3.82,8.63,Carl Klaus,,,6.88,,,1.75,
Fabian Bredlow,starter,GK,94,4.81,3.82,8.63,Tim Boss,,,5.40,,,3.23,
Harry Kane,starter,FOR,122,37.88,3.82,41.70,Igor Matanović,373,14.59,14.95,+0.36,24.95,26.75,251
Harry Kane,starter,FOR,122,37.88,3.82,41.70,Thijs Dallinga,309,11.40,11.54,+0.14,26.78,30.16,187
Harry Kane,starter,FOR,122,37.88,3.82,41.70,Luis Díaz,268,28.77,28.84,+0.07,9.29,12.86,146
Harry Kane,starter,FOR,122,37.88,3.82,41.70,Serhou Guirassy,265,18.45,18.60,+0.15,14.25,23.10,143
Harry Kane,starter,FOR,122,37.88,3.82,41.70,Michael Gregoritsch,240,11.88,12.16,+0.28,19.74,29.54,118
Harry Kane,starter,FOR,122,37.88,3.82,41.70,Adam Daghim,239,8.07,8.28,+0.21,28.86,33.42,117
Harry Kane,starter,FOR,122,37.88,3.82,41.70,Patrik Schick,223,18.38,18.49,+0.11,12.06,23.21,101
Harry Kane,starter,FOR,122,37.88,3.82,41.70,Marco Grüll,208,6.85,7.02,+0.17,29.63,34.68,86
Harry Kane,starter,FOR,122,37.88,3.82,41.70,Cole Campbell,206,5.60,5.70,+0.10,36.14,36.00,84
Harry Kane,starter,FOR,122,37.88,3.82,41.70,Maximilian Beier,201,11.74,11.85,+0.11,16.96,29.85,79
Harry Kane,starter,FOR,122,37.88,3.82,41.70,David Mokwa,197,2.39,2.86,+0.47,68.88,38.84,75
Harry Kane,starter,FOR,122,37.88,3.82,41.70,Tidiam Gomis,169,4.50,4.69,+0.19,36.03,37.01,47
Harry Kane,starter,FOR,122,37.88,3.82,41.70,Philipp Tietz,166,10.51,10.58,+0.07,15.69,31.12,44
Harry Kane,starter,FOR,122,37.88,3.82,41.70,Derry Scherhant,165,9.57,9.65,+0.08,17.10,32.05,43
Harry Kane,starter,FOR,122,37.88,3.82,41.70,Tiago Tomás,151,9.73,9.78,+0.05,15.44,31.92,29
Harry Kane,starter,FOR,122,37.88,3.82,41.70,Emmanuel Latte Lath,145,11.64,11.67,+0.03,12.43,30.03,23
Harry Kane,starter,FOR,122,37.88,3.82,41.70,Ayoube Amaimouni,122,8.64,8.68,+0.04,14.06,33.02,0
Harry Kane,starter,FOR,122,37.88,3.82,41.70,Moussa Sylla,120,7.97,8.03,+0.06,14.94,33.67,-2
Harry Kane,starter,FOR,122,37.88,3.82,41.70,Adam Hložek,102,9.00,8.99,-0.01,11.35,32.71,-20
Harry Kane,starter,FOR,122,37.88,3.82,41.70,Patson Daka,98,6.23,6.26,+0.03,15.65,35.44,-24
Harry Kane,starter,FOR,122,37.88,3.82,41.70,Marvin Pieringer,95,2.77,2.86,+0.09,33.22,38.84,-27
Harry Kane,starter,FOR,122,37.88,3.82,41.70,Victor Boniface,94,8.88,8.87,-0.01,10.60,32.83,-28
Harry Kane,starter,FOR,122,37.88,3.82,41.70,Justin Njinmah,92,5.95,5.96,+0.01,15.44,35.74,-30
Harry Kane,starter,FOR,122,37.88,3.82,41.70,Livan Burcu,85,4.94,4.95,+0.01,17.17,36.75,-37
Harry Kane,starter,FOR,122,37.88,3.82,41.70,Cyriaque Irié,79,5.52,5.52,+0.00,14.31,36.18,-43
Harry Kane,starter,FOR,122,37.88,3.82,41.70,Niclas Füllkrug,73,11.20,11.14,-0.06,6.55,30.56,-49
Harry Kane,starter,FOR,122,37.88,3.82,41.70,Afonso Moreira,70,9.75,9.65,-0.10,7.25,32.05,-52
Harry Kane,starter,FOR,122,37.88,3.82,41.70,Sheraldo Becker,63,9.94,9.84,-0.10,6.40,31.86,-59
Harry Kane,starter,FOR,122,37.88,3.82,41.70,Christopher Nkunku,62,17.66,17.59,-0.07,3.52,24.11,-60
Harry Kane,starter,FOR,122,37.88,3.82,41.70,Tim Kleindienst,52,11.48,11.35,-0.13,4.58,30.35,-70
Harry Kane,starter,FOR,122,37.88,3.82,41.70,Jonathan Burkardt,50,13.42,13.28,-0.14,3.77,28.42,-72
Harry Kane,starter,FOR,122,37.88,3.82,41.70,Steffen Tigges,48,1.96,1.96,+0.00,24.49,39.74,-74
Harry Kane,starter,FOR,122,37.88,3.82,41.70,Conrad Harder,47,7.22,7.21,-0.01,6.52,34.49,-75
Harry Kane,starter,FOR,122,37.88,3.82,41.70,Deniz Undav,47,21.89,21.67,-0.22,2.17,20.03,-75
Harry Kane,starter,FOR,122,37.88,3.82,41.70,Dženan Pejčinović,43,11.87,11.77,-0.10,3.65,29.93,-79
Harry Kane,starter,FOR,122,37.88,3.82,41.70,Lucas Höler,37,8.30,8.28,-0.02,4.47,33.42,-85
Harry Kane,starter,FOR,122,37.88,3.82,41.70,Jamie Leweling,35,14.57,14.50,-0.07,2.41,27.20,-87
Harry Kane,starter,FOR,122,37.88,3.82,41.70,Terem Moffi,32,6.94,6.91,-0.03,4.63,34.79,-90
Harry Kane,starter,FOR,122,37.88,3.82,41.70,Cedric Itten,29,6.10,6.06,-0.04,4.79,35.64,-93
Harry Kane,starter,FOR,122,37.88,3.82,41.70,Otto Stange,26,3.66,3.64,-0.02,7.14,38.06,-96
Harry Kane,starter,FOR,122,37.88,3.82,41.70,Malik Pimpong,14,2.70,2.68,-0.02,5.22,39.02,-108
Harry Kane,starter,FOR,122,37.88,3.82,41.70,Johan Bakayoko,13,8.78,8.74,-0.04,1.49,32.96,-109
Harry Kane,starter,FOR,122,37.88,3.82,41.70,Rayan Philippe,11,5.02,5.02,+0.00,2.19,36.68,-111
Harry Kane,starter,FOR,122,37.88,3.82,41.70,Marius Bülter,11,9.87,9.86,-0.01,1.12,31.84,-111
Harry Kane,starter,FOR,122,37.88,3.82,41.70,Jessic Ngankam,0,,4.04,,0.00,37.66,-122
Harry Kane,starter,FOR,122,37.88,3.82,41.70,Kenny Quetant,0,,3.11,,0.00,38.59,-122
Harry Kane,starter,FOR,122,37.88,3.82,41.70,Christian Gomis,0,,3.82,,0.00,37.88,-122
Harry Kane,starter,FOR,122,37.88,3.82,41.70,Justin Diehl,0,,3.92,,0.00,37.78,-122
Harry Kane,starter,FOR,122,37.88,3.82,41.70,Noel Futkeu,,,8.27,,,33.43,
Harry Kane,starter,FOR,122,37.88,3.82,41.70,Christian Kofane,,,9.44,,,32.26,
Harry Kane,starter,FOR,122,37.88,3.82,41.70,Mathis Albert,,,1.71,,,39.99,
Jan Gyamerah,starter,DEF,102,1.99,3.82,5.81,Marius Wolf,262,5.18,5.45,+0.27,48.07,0.36,160
Jan Gyamerah,starter,DEF,102,1.99,3.82,5.81,Jano ter Horst,174,4.64,4.92,+0.28,35.37,0.89,72
Jan Gyamerah,starter,DEF,102,1.99,3.82,5.81,Felix Keidel,81,4.09,4.12,+0.03,19.66,1.69,-21
Jan Gyamerah,starter,DEF,102,1.99,3.82,5.81,Tom Rothe,80,5.73,5.72,-0.01,13.99,0.09,-22
Jan Gyamerah,starter,DEF,102,1.99,3.82,5.81,Mick Schmetgens,66,2.35,2.38,+0.03,27.73,3.43,-36
Jan Gyamerah,starter,DEF,102,1.99,3.82,5.81,Youngwoo Seol,64,5.26,5.26,+0.00,12.17,0.55,-38
Jan Gyamerah,starter,DEF,102,1.99,3.82,5.81,Lukas Ullrich,62,3.92,3.92,+0.00,15.82,1.89,-40
Jan Gyamerah,starter,DEF,102,1.99,3.82,5.81,Maximilian Rohr,58,5.61,5.56,-0.05,10.43,0.25,-44
Jan Gyamerah,starter,DEF,102,1.99,3.82,5.81,Louis Lemke,57,2.50,2.51,+0.01,22.71,3.30,-45
Jan Gyamerah,starter,DEF,102,1.99,3.82,5.81,Vitalie Becker,55,3.57,3.56,-0.01,15.45,2.25,-47
Jan Gyamerah,starter,DEF,102,1.99,3.82,5.81,Jonah Sticker,39,3.92,3.91,-0.01,9.97,1.90,-63
Jan Gyamerah,starter,DEF,102,1.99,3.82,5.81,Benjamin Henrichs,25,4.27,4.25,-0.02,5.88,1.56,-77
Jan Gyamerah,starter,DEF,102,1.99,3.82,5.81,Max Rosenfelder,22,3.04,3.02,-0.02,7.28,2.79,-80
Jan Gyamerah,starter,DEF,102,1.99,3.82,5.81,Joël Schmied,7,3.95,3.95,+0.00,1.77,1.86,-95
Jan Gyamerah,starter,DEF,102,1.99,3.82,5.81,Timo Hübers,0,,5.28,,0.00,0.53,-102
Jan Gyamerah,starter,DEF,102,1.99,3.82,5.81,Koki Machida,0,,3.49,,0.00,2.32,-102
Jan Gyamerah,starter,DEF,102,1.99,3.82,5.81,Nicholas Mickelson,,,2.89,,,2.92,
Jan Gyamerah,starter,DEF,102,1.99,3.82,5.81,Leonidas Stergiou,,,3.01,,,2.80,
Keita Kosugi,bench,DEF,89,3.28,3.82,7.10,Marius Wolf,262,5.18,5.45,+0.27,48.07,1.65,173
Keita Kosugi,bench,DEF,89,3.28,3.82,7.10,Laurin Curda,233,5.84,6.23,+0.39,37.40,0.87,144
Keita Kosugi,bench,DEF,89,3.28,3.82,7.10,Josip Juranović,202,6.00,6.37,+0.37,31.71,0.73,113
Keita Kosugi,bench,DEF,89,3.28,3.82,7.10,Jano ter Horst,174,4.64,4.92,+0.28,35.37,2.18,85
Keita Kosugi,bench,DEF,89,3.28,3.82,7.10,Gideon Mensah,132,6.14,6.26,+0.12,21.09,0.84,43
Keita Kosugi,bench,DEF,89,3.28,3.82,7.10,Josha Vagnoman,97,6.11,6.12,+0.01,15.85,0.98,8
Keita Kosugi,bench,DEF,89,3.28,3.82,7.10,Felix Keidel,81,4.09,4.12,+0.03,19.66,2.98,-8
Keita Kosugi,bench,DEF,89,3.28,3.82,7.10,Tom Rothe,80,5.73,5.72,-0.01,13.99,1.38,-9
Keita Kosugi,bench,DEF,89,3.28,3.82,7.10,Mick Schmetgens,66,2.35,2.38,+0.03,27.73,4.72,-23
Keita Kosugi,bench,DEF,89,3.28,3.82,7.10,Youngwoo Seol,64,5.26,5.26,+0.00,12.17,1.84,-25
Keita Kosugi,bench,DEF,89,3.28,3.82,7.10,Lukas Ullrich,62,3.92,3.92,+0.00,15.82,3.18,-27
Keita Kosugi,bench,DEF,89,3.28,3.82,7.10,Robin Hranáč,59,6.82,6.80,-0.02,8.68,0.30,-30
Keita Kosugi,bench,DEF,89,3.28,3.82,7.10,Maximilian Rohr,58,5.61,5.56,-0.05,10.43,1.54,-31
Keita Kosugi,bench,DEF,89,3.28,3.82,7.10,Louis Lemke,57,2.50,2.51,+0.01,22.71,4.59,-32
Keita Kosugi,bench,DEF,89,3.28,3.82,7.10,Vitalie Becker,55,3.57,3.56,-0.01,15.45,3.54,-34
Keita Kosugi,bench,DEF,89,3.28,3.82,7.10,Jonah Sticker,39,3.92,3.91,-0.01,9.97,3.19,-50
Keita Kosugi,bench,DEF,89,3.28,3.82,7.10,Benjamin Henrichs,25,4.27,4.25,-0.02,5.88,2.85,-64
Keita Kosugi,bench,DEF,89,3.28,3.82,7.10,Max Rosenfelder,22,3.04,3.02,-0.02,7.28,4.08,-67
Keita Kosugi,bench,DEF,89,3.28,3.82,7.10,Joël Schmied,7,3.95,3.95,+0.00,1.77,3.15,-82
Keita Kosugi,bench,DEF,89,3.28,3.82,7.10,Jordan Torunarigha,7,6.88,6.78,-0.10,1.03,0.32,-82
Keita Kosugi,bench,DEF,89,3.28,3.82,7.10,Timo Hübers,0,,5.28,,0.00,1.82,-89
Keita Kosugi,bench,DEF,89,3.28,3.82,7.10,Koki Machida,0,,3.49,,0.00,3.61,-89
Keita Kosugi,bench,DEF,89,3.28,3.82,7.10,Nicholas Mickelson,,,2.89,,,4.21,
Keita Kosugi,bench,DEF,89,3.28,3.82,7.10,Jeffrey Gouweleeuw,,,6.02,,,1.08,
Keita Kosugi,bench,DEF,89,3.28,3.82,7.10,Leonidas Stergiou,,,3.01,,,4.09,
Matheo Raab,bench,GK,18,6.73,3.82,10.55,Maarten Vandevoordt,259,9.63,10.03,+0.40,25.82,0.52,241
Matheo Raab,bench,GK,18,6.73,3.82,10.55,Finn Dahmen,239,9.46,9.62,+0.16,24.84,0.93,221
Matheo Raab,bench,GK,18,6.73,3.82,10.55,Marvin Schwäbe,223,8.65,8.80,+0.15,25.34,1.75,205
Matheo Raab,bench,GK,18,6.73,3.82,10.55,Noah Atubolu,182,9.99,10.07,+0.08,18.07,0.48,164
Matheo Raab,bench,GK,18,6.73,3.82,10.55,Manuel Neuer,137,10.26,10.28,+0.02,13.33,0.27,119
Matheo Raab,bench,GK,18,6.73,3.82,10.55,Mark Flekken,82,10.41,10.35,-0.06,7.92,0.20,64
Matheo Raab,bench,GK,18,6.73,3.82,10.55,Karl Hein,54,8.92,8.82,-0.10,6.12,1.73,36
Matheo Raab,bench,GK,18,6.73,3.82,10.55,Stefan Smarkalev,0,,5.36,,0.00,5.19,-18
Matheo Raab,bench,GK,18,6.73,3.82,10.55,Elias Etringer,0,,5.49,,0.00,5.06,-18
Matheo Raab,bench,GK,18,6.73,3.82,10.55,Sven Ulreich,0,,7.11,,0.00,3.44,-18
Matheo Raab,bench,GK,18,6.73,3.82,10.55,Fernando Dickes,0,,5.17,,0.00,5.38,-18
Matheo Raab,bench,GK,18,6.73,3.82,10.55,Frederik Rønnow,0,,9.53,,0.00,1.02,-18
Matheo Raab,bench,GK,18,6.73,3.82,10.55,Frank Lehmann,0,,5.33,,0.00,5.22,-18
Matheo Raab,bench,GK,18,6.73,3.82,10.55,Ørjan Nyland,0,,5.07,,0.00,5.48,-18
Matheo Raab,bench,GK,18,6.73,3.82,10.55,Markus Kolke,0,,5.36,,0.00,5.19,-18
Matheo Raab,bench,GK,18,6.73,3.82,10.55,Stefan Drljača,0,,3.94,,0.00,6.61,-18
Matheo Raab,bench,GK,18,6.73,3.82,10.55,Matthias Köbbing,0,,5.25,,0.00,5.30,-18
Matheo Raab,bench,GK,18,6.73,3.82,10.55,Nediljko Labrović,,,9.64,,,0.91,
Matheo Raab,bench,GK,18,6.73,3.82,10.55,Oliver Baumann,,,9.20,,,1.35,
Matheo Raab,bench,GK,18,6.73,3.82,10.55,Carl Klaus,,,6.88,,,3.67,
Matheo Raab,bench,GK,18,6.73,3.82,10.55,Tim Boss,,,5.40,,,5.15,
Michael Olise,starter,MID,325,37.57,3.82,41.39,Lukas Petkov,316,6.27,7.01,+0.74,45.08,34.38,-9
Michael Olise,starter,MID,325,37.57,3.82,41.39,Aleksandar Pavlović,284,14.65,14.90,+0.25,19.06,26.49,-41
Michael Olise,starter,MID,325,37.57,3.82,41.39,Konstantinos Karetsas,273,15.70,15.90,+0.20,17.17,25.49,-52
Michael Olise,starter,MID,325,37.57,3.82,41.39,Joshua Kimmich,252,23.56,23.64,+0.08,10.66,17.75,-73
Michael Olise,starter,MID,325,37.57,3.82,41.39,Bambasé Conté,230,5.50,5.95,+0.45,38.66,35.44,-95
Michael Olise,starter,MID,325,37.57,3.82,41.39,Rocco Reitz,226,12.30,12.44,+0.14,18.17,28.95,-99
Michael Olise,starter,MID,325,37.57,3.82,41.39,Giannis Konstantelias,224,11.84,11.93,+0.09,18.78,29.46,-101
Michael Olise,starter,MID,325,37.57,3.82,41.39,Kaishu Sano,215,13.91,14.00,+0.09,15.36,27.39,-110
Michael Olise,starter,MID,325,37.57,3.82,41.39,Ibrahim Maza,205,16.04,16.12,+0.08,12.72,25.27,-120
Michael Olise,starter,MID,325,37.57,3.82,41.39,Ismael Saibari,205,17.23,17.28,+0.05,11.86,24.11,-120
Michael Olise,starter,MID,325,37.57,3.82,41.39,Jobe Bellingham,194,7.47,7.60,+0.13,25.53,33.79,-131
Michael Olise,starter,MID,325,37.57,3.82,41.39,Hennes Behrens,192,10.76,10.33,-0.43,18.59,31.06,-133
Michael Olise,starter,MID,325,37.57,3.82,41.39,Brajan Gruda,174,12.63,12.69,+0.06,13.71,28.70,-151
Michael Olise,starter,MID,325,37.57,3.82,41.39,Ísak Jóhannesson,171,4.52,4.65,+0.13,36.77,36.74,-154
Michael Olise,starter,MID,325,37.57,3.82,41.39,Tim Skarke,169,3.51,3.60,+0.09,46.94,37.79,-156
Michael Olise,starter,MID,325,37.57,3.82,41.39,Dariusz Stalmach,166,2.67,2.88,+0.21,57.64,38.51,-159
Michael Olise,starter,MID,325,37.57,3.82,41.39,Leon Avdullahu,163,11.58,11.63,+0.05,14.02,29.76,-162
Michael Olise,starter,MID,325,37.57,3.82,41.39,Aleix García,162,21.17,21.14,-0.03,7.66,20.25,-163
Michael Olise,starter,MID,325,37.57,3.82,41.39,Nicolas Capaldo,156,9.01,9.08,+0.07,17.18,32.31,-169
Michael Olise,starter,MID,325,37.57,3.82,41.39,Nadiem Amiri,155,20.49,20.45,-0.04,7.58,20.94,-170
Michael Olise,starter,MID,325,37.57,3.82,41.39,Raphael Obermair,136,5.59,5.74,+0.15,23.69,35.65,-189
Michael Olise,starter,MID,325,37.57,3.82,41.39,Hugo Bolin,134,7.16,7.26,+0.10,18.46,34.13,-191
Michael Olise,starter,MID,325,37.57,3.82,41.39,Nicolas Seiwald,134,10.20,10.22,+0.02,13.11,31.17,-191
Michael Olise,starter,MID,325,37.57,3.82,41.39,Patrick Wimmer,128,11.30,11.30,+0.00,11.33,30.09,-197
Michael Olise,starter,MID,325,37.57,3.82,41.39,Felix Nmecha,128,12.27,12.27,+0.00,10.43,29.12,-197
Michael Olise,starter,MID,325,37.57,3.82,41.39,Malik Tillman,127,11.76,11.76,+0.00,10.80,29.63,-198
Michael Olise,starter,MID,325,37.57,3.82,41.39,Ezequiel Fernández,116,9.55,9.55,+0.00,12.15,31.84,-209
Michael Olise,starter,MID,325,37.57,3.82,41.39,Yannick Engelhardt,106,9.97,9.95,-0.02,10.65,31.44,-219
Michael Olise,starter,MID,325,37.57,3.82,41.39,Woo-yeong Jeong,103,5.32,5.33,+0.01,19.32,36.06,-222
Michael Olise,starter,MID,325,37.57,3.82,41.39,Ludovit Reis,102,8.10,8.10,+0.00,12.59,33.29,-223
Michael Olise,starter,MID,325,37.57,3.82,41.39,Wouter Burger,98,15.51,15.43,-0.08,6.35,25.96,-227
Michael Olise,starter,MID,325,37.57,3.82,41.39,Wael Mohya,96,7.68,7.67,-0.01,12.52,33.72,-229
Michael Olise,starter,MID,325,37.57,3.82,41.39,Jae-sung Lee,96,9.50,9.48,-0.02,10.13,31.91,-229
Michael Olise,starter,MID,325,37.57,3.82,41.39,Fares Chaïbi,96,10.43,10.40,-0.03,9.23,30.99,-229
Michael Olise,starter,MID,325,37.57,3.82,41.39,Laurin Ulrich,95,3.88,3.95,+0.07,24.05,37.44,-230
Michael Olise,starter,MID,325,37.57,3.82,41.39,Łukasz Poręba,92,2.71,2.81,+0.10,32.74,38.58,-233
Michael Olise,starter,MID,325,37.57,3.82,41.39,Mattes Hansen,92,2.78,2.87,+0.09,32.06,38.52,-233
Michael Olise,starter,MID,325,37.57,3.82,41.39,Linton Maina,91,5.72,5.72,+0.00,15.91,35.67,-234
Michael Olise,starter,MID,325,37.57,3.82,41.39,Albert Sambi Lokonga,90,8.51,8.49,-0.02,10.60,32.90,-235
Michael Olise,starter,MID,325,37.57,3.82,41.39,Albert Grønbæk,88,6.61,6.61,+0.00,13.31,34.78,-237
Michael Olise,starter,MID,325,37.57,3.82,41.39,Robin Fellhauer,83,8.55,8.52,-0.03,9.74,32.87,-242
Michael Olise,starter,MID,325,37.57,3.82,41.39,Janik Haberer,73,3.40,3.40,+0.00,21.47,37.99,-252
Michael Olise,starter,MID,325,37.57,3.82,41.39,Chuki,66,6.44,6.37,-0.07,10.36,35.02,-259
Michael Olise,starter,MID,325,37.57,3.82,41.39,András Schäfer,62,7.15,7.12,-0.03,8.71,34.27,-263
Michael Olise,starter,MID,325,37.57,3.82,41.39,Jonas Hofmann,62,8.09,8.07,-0.02,7.68,33.32,-263
Michael Olise,starter,MID,325,37.57,3.82,41.39,Mathieu Nguefack,57,3.68,3.67,-0.01,15.53,37.72,-268
Michael Olise,starter,MID,325,37.57,3.82,41.39,Raphael Onyedika,57,14.77,14.65,-0.12,3.89,26.74,-268
Michael Olise,starter,MID,325,37.57,3.82,41.39,Aljoscha Kemlein,54,5.71,5.68,-0.03,9.51,35.71,-271
Michael Olise,starter,MID,325,37.57,3.82,41.39,Robin Hack,49,7.69,7.62,-0.07,6.43,33.77,-276
Michael Olise,starter,MID,325,37.57,3.82,41.39,Marcel Sabitzer,49,7.88,7.85,-0.03,6.24,33.54,-276
Michael Olise,starter,MID,325,37.57,3.82,41.39,Michel Aebischer,46,7.82,7.76,-0.06,5.93,33.63,-279
Michael Olise,starter,MID,325,37.57,3.82,41.39,Martin Adeline,46,10.50,10.42,-0.08,4.41,30.97,-279
Michael Olise,starter,MID,325,37.57,3.82,41.39,Kevin Stöger,44,7.20,7.15,-0.05,6.15,34.24,-281
Michael Olise,starter,MID,325,37.57,3.82,41.39,Tom Bischof,37,16.88,16.85,-0.03,2.20,24.54,-288
Michael Olise,starter,MID,325,37.57,3.82,41.39,Mert Kömür,35,7.75,7.73,-0.02,4.53,33.66,-290
Michael Olise,starter,MID,325,37.57,3.82,41.39,Senne Lynen,26,11.14,11.06,-0.08,2.35,30.33,-299
Michael Olise,starter,MID,325,37.57,3.82,41.39,Yannik Keitel,21,3.79,3.78,-0.01,5.56,37.61,-304
Michael Olise,starter,MID,325,37.57,3.82,41.39,Joey Veerman,21,14.77,14.71,-0.06,1.43,26.68,-304
Michael Olise,starter,MID,325,37.57,3.82,41.39,Tom Baack,19,3.02,3.01,-0.01,6.31,38.38,-306
Michael Olise,starter,MID,325,37.57,3.82,41.39,Bilal Nadir,17,5.47,5.45,-0.02,3.12,35.94,-308
Michael Olise,starter,MID,325,37.57,3.82,41.39,Arthur Vermeeren,17,10.96,10.93,-0.03,1.56,30.46,-308
Michael Olise,starter,MID,325,37.57,3.82,41.39,Andrej Kramarić,17,12.50,12.48,-0.02,1.36,28.91,-308
Michael Olise,starter,MID,325,37.57,3.82,41.39,Noah Darvich,11,4.43,4.39,-0.04,2.51,37.00,-314
Michael Olise,starter,MID,325,37.57,3.82,41.39,Patrice Čović,10,3.33,3.32,-0.01,3.01,38.07,-315
Michael Olise,starter,MID,325,37.57,3.82,41.39,Nathan De Cat,10,11.28,11.22,-0.06,0.89,30.17,-315
Michael Olise,starter,MID,325,37.57,3.82,41.39,Lennart Karl,7,17.26,17.22,-0.04,0.41,24.17,-318
Michael Olise,starter,MID,325,37.57,3.82,41.39,Oscar Højlund,6,5.16,5.14,-0.02,1.17,36.25,-319
Michael Olise,starter,MID,325,37.57,3.82,41.39,Chema,1,10.55,10.53,-0.02,0.09,30.86,-324
Michael Olise,starter,MID,325,37.57,3.82,41.39,Faik Sakar,0,,3.42,,0.00,37.97,-325
Michael Olise,starter,MID,325,37.57,3.82,41.39,Kennet Eichhorn,0,,11.36,,0.00,30.03,-325
Michael Olise,starter,MID,325,37.57,3.82,41.39,Marco Richter,0,,2.35,,0.00,39.04,-325
Michael Olise,starter,MID,325,37.57,3.82,41.39,Robert Skov,0,,4.45,,0.00,36.94,-325
Michael Olise,starter,MID,325,37.57,3.82,41.39,Alexander Prass,0,,7.19,,0.00,34.20,-325
Michael Olise,starter,MID,325,37.57,3.82,41.39,Timur Gayret,0,,2.67,,0.00,38.72,-325
Michael Olise,starter,MID,325,37.57,3.82,41.39,Mussa Kaba,0,,3.30,,0.00,38.09,-325
Michael Olise,starter,MID,325,37.57,3.82,41.39,Philipp Sander,,11.09,11.08,-0.01,,30.31,
Michael Olise,starter,MID,325,37.57,3.82,41.39,Vincenzo Grifo,,,10.92,,,30.47,
Michael Olise,starter,MID,325,37.57,3.82,41.39,Cajetan Lenz,,,10.40,,,30.99,
Nathaniel Brown,starter,DEF,82,15.38,3.82,19.20,Dayot Upamecano,299,17.02,17.26,+0.24,17.32,1.94,217
Nathaniel Brown,starter,DEF,82,15.38,3.82,19.20,Leopold Querfeld,297,9.99,10.26,+0.27,28.95,8.94,215
Nathaniel Brown,starter,DEF,82,15.38,3.82,19.20,Marius Wolf,262,5.18,5.45,+0.27,48.07,13.75,180
Nathaniel Brown,starter,DEF,82,15.38,3.82,19.20,Ozan Kabak,236,13.48,13.65,+0.17,17.29,5.55,154
Nathaniel Brown,starter,DEF,82,15.38,3.82,19.20,Laurin Curda,233,5.84,6.23,+0.39,37.40,12.97,151
Nathaniel Brown,starter,DEF,82,15.38,3.82,19.20,David Raum,221,18.11,18.19,+0.08,12.15,1.01,139
Nathaniel Brown,starter,DEF,82,15.38,3.82,19.20,Waldemar Anton,204,16.59,16.66,+0.07,12.24,2.54,122
Nathaniel Brown,starter,DEF,82,15.38,3.82,19.20,Josip Juranović,202,6.00,6.37,+0.37,31.71,12.83,120
Nathaniel Brown,starter,DEF,82,15.38,3.82,19.20,Willi Orbán,202,16.24,16.31,+0.07,12.39,2.89,120
Nathaniel Brown,starter,DEF,82,15.38,3.82,19.20,Daniel Svensson,195,9.82,9.93,+0.11,19.64,9.27,113
Nathaniel Brown,starter,DEF,82,15.38,3.82,19.20,Chrislain Matsima,187,10.25,10.40,+0.15,17.98,8.80,105
Nathaniel Brown,starter,DEF,82,15.38,3.82,19.20,Joane Gadou,185,10.00,10.15,+0.15,18.23,9.05,103
Nathaniel Brown,starter,DEF,82,15.38,3.82,19.20,Noahkai Banks,175,8.54,8.66,+0.12,20.21,10.54,93
Nathaniel Brown,starter,DEF,82,15.38,3.82,19.20,Matthias Ginter,175,10.96,11.03,+0.07,15.87,8.17,93
Nathaniel Brown,starter,DEF,82,15.38,3.82,19.20,Jano ter Horst,174,4.64,4.92,+0.28,35.37,14.28,92
Nathaniel Brown,starter,DEF,82,15.38,3.82,19.20,Julian Ryerson,169,12.78,12.83,+0.05,13.17,6.37,87
Nathaniel Brown,starter,DEF,82,15.38,3.82,19.20,Vladimir Coufal,148,15.42,15.42,+0.00,9.60,3.78,66
Nathaniel Brown,starter,DEF,82,15.38,3.82,19.20,Gideon Mensah,132,6.14,6.26,+0.12,21.09,12.94,50
Nathaniel Brown,starter,DEF,82,15.38,3.82,19.20,Amos Pieper,122,8.59,8.62,+0.03,14.15,10.58,40
Nathaniel Brown,starter,DEF,82,15.38,3.82,19.20,Alphonso Davies,106,16.27,16.14,-0.13,6.57,3.06,24
Nathaniel Brown,starter,DEF,82,15.38,3.82,19.20,Lukas Kübler,105,8.31,8.31,+0.00,12.64,10.89,23
Nathaniel Brown,starter,DEF,82,15.38,3.82,19.20,Zeno van den Bosch,101,8.72,8.71,-0.01,11.60,10.49,19
Nathaniel Brown,starter,DEF,82,15.38,3.82,19.20,Josha Vagnoman,97,6.11,6.12,+0.01,15.85,13.08,15
Nathaniel Brown,starter,DEF,82,15.38,3.82,19.20,Jarell Quansah,82,13.21,13.18,-0.03,6.22,6.02,0
Nathaniel Brown,starter,DEF,82,15.38,3.82,19.20,Felix Keidel,81,4.09,4.12,+0.03,19.66,15.08,-1
Nathaniel Brown,starter,DEF,82,15.38,3.82,19.20,Tom Rothe,80,5.73,5.72,-0.01,13.99,13.48,-2
Nathaniel Brown,starter,DEF,82,15.38,3.82,19.20,Robin Koch,73,12.89,12.81,-0.08,5.70,6.39,-9
Nathaniel Brown,starter,DEF,82,15.38,3.82,19.20,Kevin Diks,71,10.55,10.49,-0.06,6.77,8.71,-11
Nathaniel Brown,starter,DEF,82,15.38,3.82,19.20,Bernardo,70,8.05,8.02,-0.03,8.73,11.18,-12
Nathaniel Brown,starter,DEF,82,15.38,3.82,19.20,Ko Itakura,70,8.82,8.77,-0.05,7.98,10.43,-12
Nathaniel Brown,starter,DEF,82,15.38,3.82,19.20,Mick Schmetgens,66,2.35,2.38,+0.03,27.73,16.82,-16
Nathaniel Brown,starter,DEF,82,15.38,3.82,19.20,Loïc Badé,66,12.03,11.98,-0.05,5.51,7.22,-16
Nathaniel Brown,starter,DEF,82,15.38,3.82,19.20,Youngwoo Seol,64,5.26,5.26,+0.00,12.17,13.94,-18
Nathaniel Brown,starter,DEF,82,15.38,3.82,19.20,Marco Friedl,64,9.58,9.53,-0.05,6.72,9.67,-18
Nathaniel Brown,starter,DEF,82,15.38,3.82,19.20,Kacper Potulski,63,9.49,9.47,-0.02,6.65,9.73,-19
Nathaniel Brown,starter,DEF,82,15.38,3.82,19.20,Lukas Ullrich,62,3.92,3.92,+0.00,15.82,15.28,-20
Nathaniel Brown,starter,DEF,82,15.38,3.82,19.20,Robin Hranáč,59,6.82,6.80,-0.02,8.68,12.40,-23
Nathaniel Brown,starter,DEF,82,15.38,3.82,19.20,Maximilian Rohr,58,5.61,5.56,-0.05,10.43,13.64,-24
Nathaniel Brown,starter,DEF,82,15.38,3.82,19.20,Louis Lemke,57,2.50,2.51,+0.01,22.71,16.69,-25
Nathaniel Brown,starter,DEF,82,15.38,3.82,19.20,Vitalie Becker,55,3.57,3.56,-0.01,15.45,15.64,-27
Nathaniel Brown,starter,DEF,82,15.38,3.82,19.20,Minjae Kim,53,16.79,16.62,-0.17,3.19,2.58,-29
Nathaniel Brown,starter,DEF,82,15.38,3.82,19.20,Kauã Prates,42,9.06,9.04,-0.02,4.65,10.16,-40
Nathaniel Brown,starter,DEF,82,15.38,3.82,19.20,Jonah Sticker,39,3.92,3.91,-0.01,9.97,15.29,-43
Nathaniel Brown,starter,DEF,82,15.38,3.82,19.20,Jonathan Tah,38,16.38,16.35,-0.03,2.32,2.85,-44
Nathaniel Brown,starter,DEF,82,15.38,3.82,19.20,Joe Scally,28,9.27,9.24,-0.03,3.03,9.96,-54
Nathaniel Brown,starter,DEF,82,15.38,3.82,19.20,Benjamin Henrichs,25,4.27,4.25,-0.02,5.88,14.95,-57
Nathaniel Brown,starter,DEF,82,15.38,3.82,19.20,Max Rosenfelder,22,3.04,3.02,-0.02,7.28,16.18,-60
Nathaniel Brown,starter,DEF,82,15.38,3.82,19.20,Joël Schmied,7,3.95,3.95,+0.00,1.77,15.25,-75
Nathaniel Brown,starter,DEF,82,15.38,3.82,19.20,Jordan Torunarigha,7,6.88,6.78,-0.10,1.03,12.42,-75
Nathaniel Brown,starter,DEF,82,15.38,3.82,19.20,Mats Rots,5,9.15,9.12,-0.03,0.55,10.08,-77
Nathaniel Brown,starter,DEF,82,15.38,3.82,19.20,Timo Hübers,0,,5.28,,0.00,13.92,-82
Nathaniel Brown,starter,DEF,82,15.38,3.82,19.20,Abdoul Koné,0,,8.49,,0.00,10.71,-82
Nathaniel Brown,starter,DEF,82,15.38,3.82,19.20,Koki Machida,0,,3.49,,0.00,15.71,-82
Nathaniel Brown,starter,DEF,82,15.38,3.82,19.20,Arthur Chaves,0,,7.64,,0.00,11.56,-82
Nathaniel Brown,starter,DEF,82,15.38,3.82,19.20,Niels Nkounkou,0,,8.32,,0.00,10.88,-82
Nathaniel Brown,starter,DEF,82,15.38,3.82,19.20,Nnamdi Collins,0,,9.16,,0.00,10.04,-82
Nathaniel Brown,starter,DEF,82,15.38,3.82,19.20,Nicholas Mickelson,,,2.89,,,16.31,
Nathaniel Brown,starter,DEF,82,15.38,3.82,19.20,Josip Stanišić,,,16.22,,,2.98,
Nathaniel Brown,starter,DEF,82,15.38,3.82,19.20,Robin Gosens,,,7.93,,,11.27,
Nathaniel Brown,starter,DEF,82,15.38,3.82,19.20,Jeffrey Gouweleeuw,,,6.02,,,13.18,
Nathaniel Brown,starter,DEF,82,15.38,3.82,19.20,Leonidas Stergiou,,,3.01,,,16.19,
Phillipp Mwene,starter,DEF,92,6.77,3.82,10.59,Leopold Querfeld,297,9.99,10.26,+0.27,28.95,0.33,205
Phillipp Mwene,starter,DEF,92,6.77,3.82,10.59,Marius Wolf,262,5.18,5.45,+0.27,48.07,5.14,170
Phillipp Mwene,starter,DEF,92,6.77,3.82,10.59,Laurin Curda,233,5.84,6.23,+0.39,37.40,4.36,141
Phillipp Mwene,starter,DEF,92,6.77,3.82,10.59,Josip Juranović,202,6.00,6.37,+0.37,31.71,4.22,110
Phillipp Mwene,starter,DEF,92,6.77,3.82,10.59,Daniel Svensson,195,9.82,9.93,+0.11,19.64,0.66,103
Phillipp Mwene,starter,DEF,92,6.77,3.82,10.59,Chrislain Matsima,187,10.25,10.40,+0.15,17.98,0.19,95
Phillipp Mwene,starter,DEF,92,6.77,3.82,10.59,Joane Gadou,185,10.00,10.15,+0.15,18.23,0.44,93
Phillipp Mwene,starter,DEF,92,6.77,3.82,10.59,Noahkai Banks,175,8.54,8.66,+0.12,20.21,1.93,83
Phillipp Mwene,starter,DEF,92,6.77,3.82,10.59,Jano ter Horst,174,4.64,4.92,+0.28,35.37,5.67,82
Phillipp Mwene,starter,DEF,92,6.77,3.82,10.59,Gideon Mensah,132,6.14,6.26,+0.12,21.09,4.33,40
Phillipp Mwene,starter,DEF,92,6.77,3.82,10.59,Amos Pieper,122,8.59,8.62,+0.03,14.15,1.97,30
Phillipp Mwene,starter,DEF,92,6.77,3.82,10.59,Lukas Kübler,105,8.31,8.31,+0.00,12.64,2.28,13
Phillipp Mwene,starter,DEF,92,6.77,3.82,10.59,Zeno van den Bosch,101,8.72,8.71,-0.01,11.60,1.88,9
Phillipp Mwene,starter,DEF,92,6.77,3.82,10.59,Josha Vagnoman,97,6.11,6.12,+0.01,15.85,4.47,5
Phillipp Mwene,starter,DEF,92,6.77,3.82,10.59,Felix Keidel,81,4.09,4.12,+0.03,19.66,6.47,-11
Phillipp Mwene,starter,DEF,92,6.77,3.82,10.59,Tom Rothe,80,5.73,5.72,-0.01,13.99,4.87,-12
Phillipp Mwene,starter,DEF,92,6.77,3.82,10.59,Kevin Diks,71,10.55,10.49,-0.06,6.77,0.10,-21
Phillipp Mwene,starter,DEF,92,6.77,3.82,10.59,Bernardo,70,8.05,8.02,-0.03,8.73,2.57,-22
Phillipp Mwene,starter,DEF,92,6.77,3.82,10.59,Ko Itakura,70,8.82,8.77,-0.05,7.98,1.82,-22
Phillipp Mwene,starter,DEF,92,6.77,3.82,10.59,Mick Schmetgens,66,2.35,2.38,+0.03,27.73,8.21,-26
Phillipp Mwene,starter,DEF,92,6.77,3.82,10.59,Youngwoo Seol,64,5.26,5.26,+0.00,12.17,5.33,-28
Phillipp Mwene,starter,DEF,92,6.77,3.82,10.59,Marco Friedl,64,9.58,9.53,-0.05,6.72,1.06,-28
Phillipp Mwene,starter,DEF,92,6.77,3.82,10.59,Kacper Potulski,63,9.49,9.47,-0.02,6.65,1.12,-29
Phillipp Mwene,starter,DEF,92,6.77,3.82,10.59,Lukas Ullrich,62,3.92,3.92,+0.00,15.82,6.67,-30
Phillipp Mwene,starter,DEF,92,6.77,3.82,10.59,Robin Hranáč,59,6.82,6.80,-0.02,8.68,3.79,-33
Phillipp Mwene,starter,DEF,92,6.77,3.82,10.59,Maximilian Rohr,58,5.61,5.56,-0.05,10.43,5.03,-34
Phillipp Mwene,starter,DEF,92,6.77,3.82,10.59,Louis Lemke,57,2.50,2.51,+0.01,22.71,8.08,-35
Phillipp Mwene,starter,DEF,92,6.77,3.82,10.59,Vitalie Becker,55,3.57,3.56,-0.01,15.45,7.03,-37
Phillipp Mwene,starter,DEF,92,6.77,3.82,10.59,Kauã Prates,42,9.06,9.04,-0.02,4.65,1.55,-50
Phillipp Mwene,starter,DEF,92,6.77,3.82,10.59,Jonah Sticker,39,3.92,3.91,-0.01,9.97,6.68,-53
Phillipp Mwene,starter,DEF,92,6.77,3.82,10.59,Joe Scally,28,9.27,9.24,-0.03,3.03,1.35,-64
Phillipp Mwene,starter,DEF,92,6.77,3.82,10.59,Benjamin Henrichs,25,4.27,4.25,-0.02,5.88,6.34,-67
Phillipp Mwene,starter,DEF,92,6.77,3.82,10.59,Max Rosenfelder,22,3.04,3.02,-0.02,7.28,7.57,-70
Phillipp Mwene,starter,DEF,92,6.77,3.82,10.59,Joël Schmied,7,3.95,3.95,+0.00,1.77,6.64,-85
Phillipp Mwene,starter,DEF,92,6.77,3.82,10.59,Jordan Torunarigha,7,6.88,6.78,-0.10,1.03,3.81,-85
Phillipp Mwene,starter,DEF,92,6.77,3.82,10.59,Mats Rots,5,9.15,9.12,-0.03,0.55,1.47,-87
Phillipp Mwene,starter,DEF,92,6.77,3.82,10.59,Timo Hübers,0,,5.28,,0.00,5.31,-92
Phillipp Mwene,starter,DEF,92,6.77,3.82,10.59,Abdoul Koné,0,,8.49,,0.00,2.10,-92
Phillipp Mwene,starter,DEF,92,6.77,3.82,10.59,Koki Machida,0,,3.49,,0.00,7.10,-92
Phillipp Mwene,starter,DEF,92,6.77,3.82,10.59,Arthur Chaves,0,,7.64,,0.00,2.95,-92
Phillipp Mwene,starter,DEF,92,6.77,3.82,10.59,Niels Nkounkou,0,,8.32,,0.00,2.27,-92
Phillipp Mwene,starter,DEF,92,6.77,3.82,10.59,Nnamdi Collins,0,,9.16,,0.00,1.43,-92
Phillipp Mwene,starter,DEF,92,6.77,3.82,10.59,Nicholas Mickelson,,,2.89,,,7.70,
Phillipp Mwene,starter,DEF,92,6.77,3.82,10.59,Robin Gosens,,,7.93,,,2.66,
Phillipp Mwene,starter,DEF,92,6.77,3.82,10.59,Jeffrey Gouweleeuw,,,6.02,,,4.57,
Phillipp Mwene,starter,DEF,92,6.77,3.82,10.59,Leonidas Stergiou,,,3.01,,,7.58,
Stefano Marino,bench,FOR,66,2.52,3.82,6.34,Cole Campbell,206,5.60,5.70,+0.10,36.14,0.64,140
Stefano Marino,bench,FOR,66,2.52,3.82,6.34,David Mokwa,197,2.39,2.86,+0.47,68.88,3.48,131
Stefano Marino,bench,FOR,66,2.52,3.82,6.34,Tidiam Gomis,169,4.50,4.69,+0.19,36.03,1.65,103
Stefano Marino,bench,FOR,66,2.52,3.82,6.34,Patson Daka,98,6.23,6.26,+0.03,15.65,0.08,32
Stefano Marino,bench,FOR,66,2.52,3.82,6.34,Marvin Pieringer,95,2.77,2.86,+0.09,33.22,3.48,29
Stefano Marino,bench,FOR,66,2.52,3.82,6.34,Justin Njinmah,92,5.95,5.96,+0.01,15.44,0.38,26
Stefano Marino,bench,FOR,66,2.52,3.82,6.34,Livan Burcu,85,4.94,4.95,+0.01,17.17,1.39,19
Stefano Marino,bench,FOR,66,2.52,3.82,6.34,Cyriaque Irié,79,5.52,5.52,+0.00,14.31,0.82,13
Stefano Marino,bench,FOR,66,2.52,3.82,6.34,Steffen Tigges,48,1.96,1.96,+0.00,24.49,4.38,-18
Stefano Marino,bench,FOR,66,2.52,3.82,6.34,Cedric Itten,29,6.10,6.06,-0.04,4.79,0.28,-37
Stefano Marino,bench,FOR,66,2.52,3.82,6.34,Otto Stange,26,3.66,3.64,-0.02,7.14,2.70,-40
Stefano Marino,bench,FOR,66,2.52,3.82,6.34,Malik Pimpong,14,2.70,2.68,-0.02,5.22,3.66,-52
Stefano Marino,bench,FOR,66,2.52,3.82,6.34,Rayan Philippe,11,5.02,5.02,+0.00,2.19,1.32,-55
Stefano Marino,bench,FOR,66,2.52,3.82,6.34,Jessic Ngankam,0,,4.04,,0.00,2.30,-66
Stefano Marino,bench,FOR,66,2.52,3.82,6.34,Kenny Quetant,0,,3.11,,0.00,3.23,-66
Stefano Marino,bench,FOR,66,2.52,3.82,6.34,Christian Gomis,0,,3.82,,0.00,2.52,-66
Stefano Marino,bench,FOR,66,2.52,3.82,6.34,Justin Diehl,0,,3.92,,0.00,2.42,-66
Stefano Marino,bench,FOR,66,2.52,3.82,6.34,Mathis Albert,,,1.71,,,4.63,
Younes Ebnoutalib,starter,FOR,442,4.45,3.82,8.27,Marco Grüll,208,6.85,7.02,+0.17,29.63,1.25,-234
Younes Ebnoutalib,starter,FOR,442,4.45,3.82,8.27,Cole Campbell,206,5.60,5.70,+0.10,36.14,2.57,-236
Younes Ebnoutalib,starter,FOR,442,4.45,3.82,8.27,David Mokwa,197,2.39,2.86,+0.47,68.88,5.41,-245
Younes Ebnoutalib,starter,FOR,442,4.45,3.82,8.27,Tidiam Gomis,169,4.50,4.69,+0.19,36.03,3.58,-273
Younes Ebnoutalib,starter,FOR,442,4.45,3.82,8.27,Moussa Sylla,120,7.97,8.03,+0.06,14.94,0.24,-322
Younes Ebnoutalib,starter,FOR,442,4.45,3.82,8.27,Patson Daka,98,6.23,6.26,+0.03,15.65,2.01,-344
Younes Ebnoutalib,starter,FOR,442,4.45,3.82,8.27,Marvin Pieringer,95,2.77,2.86,+0.09,33.22,5.41,-347
Younes Ebnoutalib,starter,FOR,442,4.45,3.82,8.27,Justin Njinmah,92,5.95,5.96,+0.01,15.44,2.31,-350
Younes Ebnoutalib,starter,FOR,442,4.45,3.82,8.27,Livan Burcu,85,4.94,4.95,+0.01,17.17,3.32,-357
Younes Ebnoutalib,starter,FOR,442,4.45,3.82,8.27,Cyriaque Irié,79,5.52,5.52,+0.00,14.31,2.75,-363
Younes Ebnoutalib,starter,FOR,442,4.45,3.82,8.27,Steffen Tigges,48,1.96,1.96,+0.00,24.49,6.31,-394
Younes Ebnoutalib,starter,FOR,442,4.45,3.82,8.27,Conrad Harder,47,7.22,7.21,-0.01,6.52,1.06,-395
Younes Ebnoutalib,starter,FOR,442,4.45,3.82,8.27,Terem Moffi,32,6.94,6.91,-0.03,4.63,1.36,-410
Younes Ebnoutalib,starter,FOR,442,4.45,3.82,8.27,Cedric Itten,29,6.10,6.06,-0.04,4.79,2.21,-413
Younes Ebnoutalib,starter,FOR,442,4.45,3.82,8.27,Otto Stange,26,3.66,3.64,-0.02,7.14,4.63,-416
Younes Ebnoutalib,starter,FOR,442,4.45,3.82,8.27,Malik Pimpong,14,2.70,2.68,-0.02,5.22,5.59,-428
Younes Ebnoutalib,starter,FOR,442,4.45,3.82,8.27,Rayan Philippe,11,5.02,5.02,+0.00,2.19,3.25,-431
Younes Ebnoutalib,starter,FOR,442,4.45,3.82,8.27,Jessic Ngankam,0,,4.04,,0.00,4.23,-442
Younes Ebnoutalib,starter,FOR,442,4.45,3.82,8.27,Kenny Quetant,0,,3.11,,0.00,5.16,-442
Younes Ebnoutalib,starter,FOR,442,4.45,3.82,8.27,Christian Gomis,0,,3.82,,0.00,4.45,-442
Younes Ebnoutalib,starter,FOR,442,4.45,3.82,8.27,Justin Diehl,0,,3.92,,0.00,4.35,-442
Younes Ebnoutalib,starter,FOR,442,4.45,3.82,8.27,Noel Futkeu,,,8.27,,,0.00,
Younes Ebnoutalib,starter,FOR,442,4.45,3.82,8.27,Mathis Albert,,,1.71,,,6.56,
Yuito Suzuki,starter,MID,509,7.73,3.82,11.55,Lukas Petkov,316,6.27,7.01,+0.74,45.08,4.54,-193
Yuito Suzuki,starter,MID,509,7.73,3.82,11.55,Bambasé Conté,230,5.50,5.95,+0.45,38.66,5.60,-279
Yuito Suzuki,starter,MID,509,7.73,3.82,11.55,Jobe Bellingham,194,7.47,7.60,+0.13,25.53,3.95,-315
Yuito Suzuki,starter,MID,509,7.73,3.82,11.55,Hennes Behrens,192,10.76,10.33,-0.43,18.59,1.22,-317
Yuito Suzuki,starter,MID,509,7.73,3.82,11.55,Ísak Jóhannesson,171,4.52,4.65,+0.13,36.77,6.90,-338
Yuito Suzuki,starter,MID,509,7.73,3.82,11.55,Tim Skarke,169,3.51,3.60,+0.09,46.94,7.95,-340
Yuito Suzuki,starter,MID,509,7.73,3.82,11.55,Dariusz Stalmach,166,2.67,2.88,+0.21,57.64,8.67,-343
Yuito Suzuki,starter,MID,509,7.73,3.82,11.55,Nicolas Capaldo,156,9.01,9.08,+0.07,17.18,2.47,-353
Yuito Suzuki,starter,MID,509,7.73,3.82,11.55,Raphael Obermair,136,5.59,5.74,+0.15,23.69,5.81,-373
Yuito Suzuki,starter,MID,509,7.73,3.82,11.55,Hugo Bolin,134,7.16,7.26,+0.10,18.46,4.29,-375
Yuito Suzuki,starter,MID,509,7.73,3.82,11.55,Nicolas Seiwald,134,10.20,10.22,+0.02,13.11,1.33,-375
Yuito Suzuki,starter,MID,509,7.73,3.82,11.55,Patrick Wimmer,128,11.30,11.30,+0.00,11.33,0.25,-381
Yuito Suzuki,starter,MID,509,7.73,3.82,11.55,Ezequiel Fernández,116,9.55,9.55,+0.00,12.15,2.00,-393
Yuito Suzuki,starter,MID,509,7.73,3.82,11.55,Yannick Engelhardt,106,9.97,9.95,-0.02,10.65,1.60,-403
Yuito Suzuki,starter,MID,509,7.73,3.82,11.55,Woo-yeong Jeong,103,5.32,5.33,+0.01,19.32,6.22,-406
Yuito Suzuki,starter,MID,509,7.73,3.82,11.55,Ludovit Reis,102,8.10,8.10,+0.00,12.59,3.45,-407
Yuito Suzuki,starter,MID,509,7.73,3.82,11.55,Wael Mohya,96,7.68,7.67,-0.01,12.52,3.88,-413
Yuito Suzuki,starter,MID,509,7.73,3.82,11.55,Jae-sung Lee,96,9.50,9.48,-0.02,10.13,2.07,-413
Yuito Suzuki,starter,MID,509,7.73,3.82,11.55,Fares Chaïbi,96,10.43,10.40,-0.03,9.23,1.15,-413
Yuito Suzuki,starter,MID,509,7.73,3.82,11.55,Laurin Ulrich,95,3.88,3.95,+0.07,24.05,7.60,-414
Yuito Suzuki,starter,MID,509,7.73,3.82,11.55,Łukasz Poręba,92,2.71,2.81,+0.10,32.74,8.74,-417
Yuito Suzuki,starter,MID,509,7.73,3.82,11.55,Mattes Hansen,92,2.78,2.87,+0.09,32.06,8.68,-417
Yuito Suzuki,starter,MID,509,7.73,3.82,11.55,Linton Maina,91,5.72,5.72,+0.00,15.91,5.83,-418
Yuito Suzuki,starter,MID,509,7.73,3.82,11.55,Albert Sambi Lokonga,90,8.51,8.49,-0.02,10.60,3.06,-419
Yuito Suzuki,starter,MID,509,7.73,3.82,11.55,Albert Grønbæk,88,6.61,6.61,+0.00,13.31,4.94,-421
Yuito Suzuki,starter,MID,509,7.73,3.82,11.55,Robin Fellhauer,83,8.55,8.52,-0.03,9.74,3.03,-426
Yuito Suzuki,starter,MID,509,7.73,3.82,11.55,Janik Haberer,73,3.40,3.40,+0.00,21.47,8.15,-436
Yuito Suzuki,starter,MID,509,7.73,3.82,11.55,Chuki,66,6.44,6.37,-0.07,10.36,5.18,-443
Yuito Suzuki,starter,MID,509,7.73,3.82,11.55,András Schäfer,62,7.15,7.12,-0.03,8.71,4.43,-447
Yuito Suzuki,starter,MID,509,7.73,3.82,11.55,Jonas Hofmann,62,8.09,8.07,-0.02,7.68,3.48,-447
Yuito Suzuki,starter,MID,509,7.73,3.82,11.55,Mathieu Nguefack,57,3.68,3.67,-0.01,15.53,7.88,-452
Yuito Suzuki,starter,MID,509,7.73,3.82,11.55,Aljoscha Kemlein,54,5.71,5.68,-0.03,9.51,5.87,-455
Yuito Suzuki,starter,MID,509,7.73,3.82,11.55,Robin Hack,49,7.69,7.62,-0.07,6.43,3.93,-460
Yuito Suzuki,starter,MID,509,7.73,3.82,11.55,Marcel Sabitzer,49,7.88,7.85,-0.03,6.24,3.70,-460
Yuito Suzuki,starter,MID,509,7.73,3.82,11.55,Michel Aebischer,46,7.82,7.76,-0.06,5.93,3.79,-463
Yuito Suzuki,starter,MID,509,7.73,3.82,11.55,Martin Adeline,46,10.50,10.42,-0.08,4.41,1.13,-463
Yuito Suzuki,starter,MID,509,7.73,3.82,11.55,Kevin Stöger,44,7.20,7.15,-0.05,6.15,4.40,-465
Yuito Suzuki,starter,MID,509,7.73,3.82,11.55,Mert Kömür,35,7.75,7.73,-0.02,4.53,3.82,-474
Yuito Suzuki,starter,MID,509,7.73,3.82,11.55,Senne Lynen,26,11.14,11.06,-0.08,2.35,0.49,-483
Yuito Suzuki,starter,MID,509,7.73,3.82,11.55,Yannik Keitel,21,3.79,3.78,-0.01,5.56,7.77,-488
Yuito Suzuki,starter,MID,509,7.73,3.82,11.55,Tom Baack,19,3.02,3.01,-0.01,6.31,8.54,-490
Yuito Suzuki,starter,MID,509,7.73,3.82,11.55,Bilal Nadir,17,5.47,5.45,-0.02,3.12,6.10,-492
Yuito Suzuki,starter,MID,509,7.73,3.82,11.55,Arthur Vermeeren,17,10.96,10.93,-0.03,1.56,0.62,-492
Yuito Suzuki,starter,MID,509,7.73,3.82,11.55,Noah Darvich,11,4.43,4.39,-0.04,2.51,7.16,-498
Yuito Suzuki,starter,MID,509,7.73,3.82,11.55,Patrice Čović,10,3.33,3.32,-0.01,3.01,8.23,-499
Yuito Suzuki,starter,MID,509,7.73,3.82,11.55,Nathan De Cat,10,11.28,11.22,-0.06,0.89,0.33,-499
Yuito Suzuki,starter,MID,509,7.73,3.82,11.55,Oscar Højlund,6,5.16,5.14,-0.02,1.17,6.41,-503
Yuito Suzuki,starter,MID,509,7.73,3.82,11.55,Chema,1,10.55,10.53,-0.02,0.09,1.02,-508
Yuito Suzuki,starter,MID,509,7.73,3.82,11.55,Faik Sakar,0,,3.42,,0.00,8.13,-509
Yuito Suzuki,starter,MID,509,7.73,3.82,11.55,Kennet Eichhorn,0,,11.36,,0.00,0.19,-509
Yuito Suzuki,starter,MID,509,7.73,3.82,11.55,Marco Richter,0,,2.35,,0.00,9.20,-509
Yuito Suzuki,starter,MID,509,7.73,3.82,11.55,Robert Skov,0,,4.45,,0.00,7.10,-509
Yuito Suzuki,starter,MID,509,7.73,3.82,11.55,Alexander Prass,0,,7.19,,0.00,4.36,-509
Yuito Suzuki,starter,MID,509,7.73,3.82,11.55,Timur Gayret,0,,2.67,,0.00,8.88,-509
Yuito Suzuki,starter,MID,509,7.73,3.82,11.55,Mussa Kaba,0,,3.30,,0.00,8.25,-509
Yuito Suzuki,starter,MID,509,7.73,3.82,11.55,Philipp Sander,,11.09,11.08,-0.01,,0.47,
Yuito Suzuki,starter,MID,509,7.73,3.82,11.55,Vincenzo Grifo,,,10.92,,,0.63,
Yuito Suzuki,starter,MID,509,7.73,3.82,11.55,Cajetan Lenz,,,10.40,,,1.15,
