matchday,home_club,away_club,home_goals,away_goals,source
1,FC Bayern München,VfB Stuttgart,5,1,https://www.bundesliga.com/en/bundesliga/matchday
1,SV Elversberg,Bayer 04 Leverkusen,3,2,https://www.bundesliga.com/en/bundesliga/matchday
1,1. FC Köln,TSG Hoffenheim,3,2,https://www.bundesliga.com/en/bundesliga/matchday
1,1. FC Union Berlin,Eintracht Frankfurt,3,3,https://www.bundesliga.com/en/bundesliga/matchday
1,1. FSV Mainz 05,SC Paderborn 07,0,0,https://www.bundesliga.com/en/bundesliga/matchday
1,RB Leipzig,Borussia Mönchengladbach,3,0,https://www.bundesliga.com/en/bundesliga/matchday
1,Borussia Dortmund,Hamburger SV,2,0,https://www.bundesliga.com/en/bundesliga/matchday
1,SC Freiburg,SV Werder Bremen,4,1,https://www.bundesliga.com/en/bundesliga/matchday
1,FC Augsburg,FC Schalke 04,3,0,https://www.bundesliga.com/en/bundesliga/matchday
