matchday,home_club,away_club,kickoff_local,source
2,VfB Stuttgart,1. FC Köln,2026-09-04 20:30,https://www.bundesliga.com/en/bundesliga/news/confirmed-kick-off-times-dates-2026-27-fixtures-23955
2,TSG Hoffenheim,Borussia Dortmund,2026-09-05 15:30,https://www.bundesliga.com/en/bundesliga/news/confirmed-kick-off-times-dates-2026-27-fixtures-23955
2,Bayer 04 Leverkusen,1. FC Union Berlin,2026-09-05 15:30,https://www.bundesliga.com/en/bundesliga/news/confirmed-kick-off-times-dates-2026-27-fixtures-23955
2,Borussia Mönchengladbach,SV Elversberg,2026-09-05 15:30,https://www.bundesliga.com/en/bundesliga/news/confirmed-kick-off-times-dates-2026-27-fixtures-23955
2,SV Werder Bremen,RB Leipzig,2026-09-05 15:30,https://www.bundesliga.com/en/bundesliga/news/confirmed-kick-off-times-dates-2026-27-fixtures-23955
2,SC Paderborn 07,SC Freiburg,2026-09-05 15:30,https://www.bundesliga.com/en/bundesliga/news/confirmed-kick-off-times-dates-2026-27-fixtures-23955
2,FC Schalke 04,FC Bayern München,2026-09-05 18:30,https://www.bundesliga.com/en/bundesliga/news/confirmed-kick-off-times-dates-2026-27-fixtures-23955
2,Hamburger SV,1. FSV Mainz 05,2026-09-06 15:30,https://www.bundesliga.com/en/bundesliga/news/confirmed-kick-off-times-dates-2026-27-fixtures-23955
2,Eintracht Frankfurt,FC Augsburg,2026-09-06 17:30,https://www.bundesliga.com/en/bundesliga/news/confirmed-kick-off-times-dates-2026-27-fixtures-23955
