season,matchday,home_club,away_club,home_goals,away_goals,status,played_at,source,captured_at
2026,1,FC Bayern München,VfB Stuttgart,5,1,final,,https://www.bundesliga.com/en/bundesliga/matchday/2026-2027/1/,2026-09-01
2026,1,SV Elversberg,Bayer 04 Leverkusen,3,2,final,,https://www.bundesliga.com/en/bundesliga/matchday/2026-2027/1/,2026-09-01
2026,1,1. FC Köln,TSG Hoffenheim,3,2,final,,https://www.bundesliga.com/en/bundesliga/matchday/2026-2027/1/,2026-09-01
2026,1,1. FC Union Berlin,Eintracht Frankfurt,3,3,final,,https://www.bundesliga.com/en/bundesliga/matchday/2026-2027/1/,2026-09-01
2026,1,1. FSV Mainz 05,SC Paderborn 07,0,0,final,,https://www.bundesliga.com/en/bundesliga/matchday/2026-2027/1/,2026-09-01
2026,1,RB Leipzig,Borussia Mönchengladbach,3,0,final,,https://www.bundesliga.com/en/bundesliga/matchday/2026-2027/1/,2026-09-01
2026,1,Borussia Dortmund,Hamburger SV,2,0,final,,https://www.bundesliga.com/en/bundesliga/matchday/2026-2027/1/,2026-09-01
2026,1,SC Freiburg,SV Werder Bremen,4,1,final,,https://www.bundesliga.com/en/bundesliga/matchday/2026-2027/1/,2026-09-01
2026,1,FC Augsburg,FC Schalke 04,3,0,final,,https://www.bundesliga.com/en/bundesliga/matchday/2026-2027/1/,2026-09-01
